{"nodes":[{"id":1006,"label":"systemNode","outputs":{"next":{"id":"b5c5941389d00e68","label":"to","socket":{"name":"Number"}}},"inputs":{"state":{"id":"0dd438b097155ced","label":"from","socket":{"name":"Number"}}},"controls":{"type":{"__type":"ClassicPreset.InputControl","id":"30007d7b32d210f3","readonly":true,"type":"text","value":"initial"},"status":{"__type":"ClassicPreset.InputControl","id":"10d9b48a01298fd3","readonly":true,"type":"text"},"utterance":{"__type":"ClassicPreset.InputControl","id":"a4c626669a165859","readonly":true,"type":"text","value":"んにちは。今日はラーメンについて教えて下さい。ラーメンはよく食べますか？ "}}},{"id":1016,"label":"userNode","outputs":{"next":{"id":"d7486e50010b15e8","label":"to","socket":{"name":"Number"}}},"inputs":{"state":{"id":"07e1f402b8bf46d7","label":"from","socket":{"name":"Number"}}},"controls":{"seqnum":{"__type":"ClassicPreset.InputControl","id":"7c746ec0cf784092","readonly":true,"type":"number","value":10},"utterance":{"__type":"ClassicPreset.InputControl","id":"49c529ff7021fc77","readonly":true,"type":"text","value":"はい、よく食べます。 "},"type":{"__type":"ClassicPreset.InputControl","id":"e69c22222a14b9e6","readonly":true,"type":"text","value":"食べる "},"conditions":{"__type":"ClassicPreset.InputControl","id":"245f7670bcb2f09a","readonly":true,"type":"text","value":""},"actions":{"__type":"ClassicPreset.InputControl","id":"cae8e79fb74ef14f","readonly":true,"type":"text","value":""},"nextStatus":{"__type":"ClassicPreset.InputControl","id":"4f12f46ea46c6e8a","readonly":true,"type":"text"}}},{"id":2009,"label":"userNode","outputs":{"next":{"id":"8318f0f73362aa97","label":"to","socket":{"name":"Number"}}},"inputs":{"state":{"id":"7be49f21cedfcb76","label":"from","socket":{"name":"Number"}}},"controls":{"seqnum":{"__type":"ClassicPreset.InputControl","id":"94f626b127d8ce69","readonly":true,"type":"number","value":20},"utterance":{"__type":"ClassicPreset.InputControl","id":"94b4479741bdfdf9","readonly":true,"type":"text","value":"あまり食べないです。"},"type":{"__type":"ClassicPreset.InputControl","id":"32a88501da298d5f","readonly":true,"type":"text","value":"食べない"},"conditions":{"__type":"ClassicPreset.InputControl","id":"658a49c4bf35af81","readonly":true,"type":"text","value":""},"actions":{"__type":"ClassicPreset.InputControl","id":"1ab99bc7942f3e31","readonly":true,"type":"text","value":""},"nextStatus":{"__type":"ClassicPreset.InputControl","id":"779765dbce0b8667","readonly":true,"type":"text","value":"食べない"}}},{"id":3006,"label":"systemNode","outputs":{"next":{"id":"1786a5dac4f6fce7","label":"to","socket":{"name":"Number"}}},"inputs":{"state":{"id":"ab7daee88bb090d9","label":"from","socket":{"name":"Number"}}},"controls":{"type":{"__type":"ClassicPreset.InputControl","id":"b00c39d4ee0b8aa3","readonly":true,"type":"text","value":"other"},"status":{"__type":"ClassicPreset.InputControl","id":"d4839f20d2229f3d","readonly":true,"type":"text"},"utterance":{"__type":"ClassicPreset.InputControl","id":"c9c32c95a8773b40","readonly":true,"type":"text","value":"ラーメンお好きなんですね。"}}},{"id":3016,"label":"userNode","outputs":{"next":{"id":"6009c84aeea8517a","label":"to","socket":{"name":"Number"}}},"inputs":{"state":{"id":"f26282144540154d","label":"from","socket":{"name":"Number"}}},"controls":{"seqnum":{"__type":"ClassicPreset.InputControl","id":"c6bf53fac4ea6bae","readonly":true,"type":"number","value":10},"utterance":{"__type":"ClassicPreset.InputControl","id":"630197d747ce357a","readonly":true,"type":"text","value":"そうですね。"},"type":{"__type":"ClassicPreset.InputControl","id":"d201fe1cf3e8114e","readonly":true,"type":"text","value":"肯定"},"conditions":{"__type":"ClassicPreset.InputControl","id":"def27976e4c2dc0e","readonly":true,"type":"text","value":""},"actions":{"__type":"ClassicPreset.InputControl","id":"95f8a3815987ea5c","readonly":true,"type":"text","value":"_reaction=\"そうなんですね。\""},"nextStatus":{"__type":"ClassicPreset.InputControl","id":"db92e7ddfb348039","readonly":true,"type":"text","value":"好き "}}},{"id":"002ea3e6d927c537","label":"systemNode","outputs":{"next":{"id":"a8ea6f1d82c52c3b","label":"to","socket":{"name":"Number"}}},"inputs":{"state":{"id":"7b6dd4ea1807c50f","label":"from","socket":{"name":"Number"}}},"controls":{"type":{"__type":"ClassicPreset.InputControl","id":"26b9cf76aaa07e4c","readonly":true,"type":"text","value":""},"status":{"__type":"ClassicPreset.InputControl","id":"69bc7eb9d427e4be","readonly":true,"type":"text"},"utterance":{"__type":"ClassicPreset.InputControl","id":"d13e68d19e97d794","readonly":true,"type":"text","value":""}}},{"id":"3f96edb5ea442215","label":"userNode","outputs":{"next":{"id":"96e2f392667b569e","label":"to","socket":{"name":"Number"}}},"inputs":{"state":{"id":"8da730327fc9aff4","label":"from","socket":{"name":"Number"}}},"controls":{"seqnum":{"__type":"ClassicPreset.InputControl","id":"564c2ed201852c92","readonly":true,"type":"number","value":0},"utterance":{"__type":"ClassicPreset.InputControl","id":"5d314c0ce2bf5668","readonly":true,"type":"text","value":""},"type":{"__type":"ClassicPreset.InputControl","id":"85f6acea754666bc","readonly":true,"type":"text","value":""},"conditions":{"__type":"ClassicPreset.InputControl","id":"d65833077d586ba6","readonly":true,"type":"text","value":""},"actions":{"__type":"ClassicPreset.InputControl","id":"d7d57c8fde544a10","readonly":true,"type":"text","value":""},"nextStatus":{"__type":"ClassicPreset.InputControl","id":"af3c7f9f0653abd5","readonly":true,"type":"text","value":""}}}],"connects":[{"id":"dd5daee3e8f01cd8","sourceOutput":"next","targetInput":"state","source":1006,"target":1016},{"id":"0d4aed8655d7cde4","sourceOutput":"next","targetInput":"state","source":1006,"target":2009},{"id":"bb7f6038a4cc21af","sourceOutput":"next","targetInput":"state","source":1016,"target":3006},{"id":"d04064a058eb94d2","sourceOutput":"next","targetInput":"state","source":3006,"target":3016}],"types":[]}