{"nodes": [{"label": "systemNode", "id": 1006, "inputs": {"state": {"id": "1004", "label": "Input", "socket": {"name": "Number"}}}, "outputs": {"next": {"id": "1005", "label": "Output", "socket": {"name": "Number"}}}, "controls": {"status": {"_controlItem__type": "ClassicPreset.InputControl", "id": 1000, "type": "text", "value": "#initial"}, "utterance": {"_controlItem__type": "ClassicPreset.InputControl", "id": 1001, "type": "text", "value": "んにちは。今日はラーメンについて教えて下さい。ラーメンはよく食べますか？ "}, "type": {"_controlItem__type": "ClassicPreset.InputControl", "id": 1002, "type": "text", "value": "initial"}, "nextStatus": {"_controlItem__type": "ClassicPreset.InputControl", "id": 1003, "type": "text", "value": "con_sys2usr-1003"}}}, {"label": "userNode", "id": 1016, "inputs": {"state": {"id": "1014", "label": "Input", "socket": {"name": "Number"}}}, "outputs": {"next": {"id": "1015", "label": "Output", "socket": {"name": "Number"}}}, "controls": {"status": {"_controlItem__type": "ClassicPreset.InputControl", "id": 1007, "type": "text", "value": "con_sys2usr-1003"}, "utterance": {"_controlItem__type": "ClassicPreset.InputControl", "id": 1008, "type": "text", "value": "はい、よく食べます。 "}, "seqnum": {"_controlItem__type": "ClassicPreset.InputControl", "id": 1009, "type": "text", "value": 10}, "type": {"_controlItem__type": "ClassicPreset.InputControl", "id": 1010, "type": "text", "value": "食べる "}, "conditions": {"_controlItem__type": "ClassicPreset.InputControl", "id": 1011, "type": "text", "value": ""}, "actions": {"_controlItem__type": "ClassicPreset.InputControl", "id": 1012, "type": "text", "value": ""}, "nextStatus": {"_controlItem__type": "ClassicPreset.InputControl", "id": 1013, "type": "text", "value": "食べる "}}}, {"label": "userNode", "id": 2009, "inputs": {"state": {"id": "2007", "label": "Input", "socket": {"name": "Number"}}}, "outputs": {"next": {"id": "2008", "label": "Output", "socket": {"name": "Number"}}}, "controls": {"status": {"_controlItem__type": "ClassicPreset.InputControl", "id": 2000, "type": "text", "value": "con_sys2usr-1003"}, "utterance": {"_controlItem__type": "ClassicPreset.InputControl", "id": 2001, "type": "text", "value": "あまり食べないです。"}, "seqnum": {"_controlItem__type": "ClassicPreset.InputControl", "id": 2002, "type": "text", "value": 20}, "type": {"_controlItem__type": "ClassicPreset.InputControl", "id": 2003, "type": "text", "value": "食べない"}, "conditions": {"_controlItem__type": "ClassicPreset.InputControl", "id": 2004, "type": "text", "value": ""}, "actions": {"_controlItem__type": "ClassicPreset.InputControl", "id": 2005, "type": "text", "value": ""}, "nextStatus": {"_controlItem__type": "ClassicPreset.InputControl", "id": 2006, "type": "text", "value": "食べない"}}}, {"label": "systemNode", "id": 3006, "inputs": {"state": {"id": "3004", "label": "Input", "socket": {"name": "Number"}}}, "outputs": {"next": {"id": "3005", "label": "Output", "socket": {"name": "Number"}}}, "controls": {"status": {"_controlItem__type": "ClassicPreset.InputControl", "id": 3000, "type": "text", "value": "食べる "}, "utterance": {"_controlItem__type": "ClassicPreset.InputControl", "id": 3001, "type": "text", "value": "ラーメンお好きなんですね。"}, "type": {"_controlItem__type": "ClassicPreset.InputControl", "id": 3002, "type": "text", "value": "other"}, "nextStatus": {"_controlItem__type": "ClassicPreset.InputControl", "id": 3003, "type": "text", "value": "con_sys2usr-3003"}}}, {"label": "userNode", "id": 3016, "inputs": {"state": {"id": "3014", "label": "Input", "socket": {"name": "Number"}}}, "outputs": {"next": {"id": "3015", "label": "Output", "socket": {"name": "Number"}}}, "controls": {"status": {"_controlItem__type": "ClassicPreset.InputControl", "id": 3007, "type": "text", "value": "con_sys2usr-3003"}, "utterance": {"_controlItem__type": "ClassicPreset.InputControl", "id": 3008, "type": "text", "value": "そうですね。"}, "seqnum": {"_controlItem__type": "ClassicPreset.InputControl", "id": 3009, "type": "text", "value": 10}, "type": {"_controlItem__type": "ClassicPreset.InputControl", "id": 3010, "type": "text", "value": "肯定"}, "conditions": {"_controlItem__type": "ClassicPreset.InputControl", "id": 3011, "type": "text", "value": ""}, "actions": {"_controlItem__type": "ClassicPreset.InputControl", "id": 3012, "type": "text", "value": "_reaction=\"そうなんですね。\""}, "nextStatus": {"_controlItem__type": "ClassicPreset.InputControl", "id": 3013, "type": "text", "value": "好き "}}}], "connects": [{"id": 2, "sourceOutput": "next", "targetInput": "state", "source": 1006, "target": 1016}, {"id": 3, "sourceOutput": "next", "targetInput": "state", "source": 1006, "target": 2009}, {"id": 4, "sourceOutput": "next", "targetInput": "state", "source": 1016, "target": 3006}, {"id": 5, "sourceOutput": "next", "targetInput": "state", "source": 3006, "target": 3016}], "types": ["initial", "other"]}