{"nodes":[{"id":1006,"label":"systemNode","outputs":{"next":{"id":"826fc557bbb0de24","label":"to","socket":{"name":"Number"}}},"inputs":{"state":{"id":"d943d05f60f8cc74","label":"from","socket":{"name":"Number"}}},"controls":{"type":{"__type":"ClassicPreset.InputControl","id":"55a6d9baba6c1254","readonly":true,"type":"text","value":"initial"},"status":{"__type":"ClassicPreset.InputControl","id":"a5f954ecc235be56","readonly":true,"type":"text"},"utterance":{"__type":"ClassicPreset.InputControl","id":"a2937f4656bb057d","readonly":true,"type":"text","value":"んにちは。今日はラーメンについて教えて下さい。ラーメンはよく食べますか？ "}}},{"id":1016,"label":"userNode","outputs":{"next":{"id":"cc1ae7aad1d5813e","label":"to","socket":{"name":"Number"}}},"inputs":{"state":{"id":"7d6a59f52bb3bb22","label":"from","socket":{"name":"Number"}}},"controls":{"seqnum":{"__type":"ClassicPreset.InputControl","id":"168c8aec9135dbc3","readonly":true,"type":"number","value":10},"utterance":{"__type":"ClassicPreset.InputControl","id":"52443d594315fbd8","readonly":true,"type":"text","value":"はい、よく食べます。 "},"type":{"__type":"ClassicPreset.InputControl","id":"8981e87525c1b165","readonly":true,"type":"text","value":"食べる "},"conditions":{"__type":"ClassicPreset.InputControl","id":"55ad04a4349239ab","readonly":true,"type":"text","value":""},"actions":{"__type":"ClassicPreset.InputControl","id":"a8444bf11f984372","readonly":true,"type":"text","value":""},"nextStatus":{"__type":"ClassicPreset.InputControl","id":"871f667f5e0caf18","readonly":true,"type":"text"}}},{"id":2009,"label":"userNode","outputs":{"next":{"id":"9453983f02b46721","label":"to","socket":{"name":"Number"}}},"inputs":{"state":{"id":"58fdb103a985bbec","label":"from","socket":{"name":"Number"}}},"controls":{"seqnum":{"__type":"ClassicPreset.InputControl","id":"04411b5b20dde517","readonly":true,"type":"number","value":20},"utterance":{"__type":"ClassicPreset.InputControl","id":"ef17220dab137522","readonly":true,"type":"text","value":"あまり食べないです。"},"type":{"__type":"ClassicPreset.InputControl","id":"5414c3942ff0200f","readonly":true,"type":"text","value":"食べない"},"conditions":{"__type":"ClassicPreset.InputControl","id":"e51e2acc71e605d0","readonly":true,"type":"text","value":""},"actions":{"__type":"ClassicPreset.InputControl","id":"bd2e09323bbdad84","readonly":true,"type":"text","value":""},"nextStatus":{"__type":"ClassicPreset.InputControl","id":"7093d9728cda3ac4","readonly":true,"type":"text","value":"食べない"}}},{"id":3006,"label":"systemNode","outputs":{"next":{"id":"6b2c21d43fd7f0f4","label":"to","socket":{"name":"Number"}}},"inputs":{"state":{"id":"fc6af700aa54e0a4","label":"from","socket":{"name":"Number"}}},"controls":{"type":{"__type":"ClassicPreset.InputControl","id":"95b929a536e8d8dd","readonly":true,"type":"text","value":"other"},"status":{"__type":"ClassicPreset.InputControl","id":"bb933ca896b38a68","readonly":true,"type":"text"},"utterance":{"__type":"ClassicPreset.InputControl","id":"16b3246890cbc59c","readonly":true,"type":"text","value":"ラーメンお好きなんですね。"}}},{"id":3016,"label":"userNode","outputs":{"next":{"id":"ecb8e15a71a5e758","label":"to","socket":{"name":"Number"}}},"inputs":{"state":{"id":"29dc90daa73f03bf","label":"from","socket":{"name":"Number"}}},"controls":{"seqnum":{"__type":"ClassicPreset.InputControl","id":"a6d0ca511d59aa7e","readonly":true,"type":"number","value":11},"utterance":{"__type":"ClassicPreset.InputControl","id":"c161f43841e21459","readonly":true,"type":"text","value":"そうですね。"},"type":{"__type":"ClassicPreset.InputControl","id":"a7e8a7703d647af2","readonly":true,"type":"text","value":"肯定"},"conditions":{"__type":"ClassicPreset.InputControl","id":"fe5d7dcbe39a1179","readonly":true,"type":"text","value":""},"actions":{"__type":"ClassicPreset.InputControl","id":"6db3b777861bd26c","readonly":true,"type":"text","value":"_reaction=\"そうなんですね。\""},"nextStatus":{"__type":"ClassicPreset.InputControl","id":"0d321f6943b722a6","readonly":true,"type":"text","value":"好き "}}}],"connects":[{"id":"47533af84ac7ac95","sourceOutput":"next","targetInput":"state","source":1006,"target":1016},{"id":"87f358719a067f75","sourceOutput":"next","targetInput":"state","source":1006,"target":2009},{"id":"e00745895d94a013","sourceOutput":"next","targetInput":"state","source":1016,"target":3006},{"id":"c8784f6553c66fe2","sourceOutput":"next","targetInput":"state","source":3006,"target":3016}],"types":[]}